Date Issued,Material,Order,RMIX Batch,Ing1,Ing2,Ing3,Ing4,Kiln,Hearth,Cycle,Temp
3/4/2016,YL0036-Rmix,PN0003809,2411,RM0684,RM1632,RM6841,RM6948,10,1,,1980
3/4/2016,YL0036-Rmix,PN0003810,2412,RM0684,RM1632,RM6841,RM6948,12,2,,1980
3/4/2016,YL0036-Rmix,PN0003811,2413,RM0684,RM1632,RM6841,RM6948,10,2,,1975
3/4/2016,YL0036-Rmix,PN0003812,2414,RM0684,RM1632,RM6841,RM6948,10,2,,1980
5/16/2016,YL0036-Rmix,PN0007848,5271,RM0684,RM1632,RM6841,RM6948,11,1,,1985
5/16/2016,YL0036-Rmix,PN0007849,5272,RM0684,RM1632,RM6841,RM6948,12,1,,1985
10/31/2016,YL0036-Rmix,PN0017815,12523,RM0684,RM1677,RM6841,RM6948,11,2,,1990
10/31/2016,YL0036-Rmix,PN0017816,12524,RM0684,RM1677,RM6841,RM6948,12,2,,1990
1/12/2017,YL0036-Rmix,PN0022345,15869,RM0684,RM1632,RM6841,RM6948,12,1,,1990
1/7/2017,YL0036-Rmix,PN0022001,15603,RM0684,RM1632,RM6841,RM6948,11,1,,1990
1/7/2017,YL0036-Rmix,PN0022002,15604,RM0684,RM1632,RM6841,RM6948,13,1,,1990
1/12/2017,YL0036-Rmix,PN0022344,15868,RM0684,RM1632,RM6841,RM6948,11,1,,1990
2/10/2017,YL0036-Rmix,PN0024161,17205,RM0684,RM1632,RM6841,RM6948,11,1,,1990
2/10/2017,YL0036-Rmix,PN0024162,17206,RM0684,RM1632,RM6841,RM6948,11,2,,1990
2/7/2017,YL0036-Rmix,PN0023963,17052,RM0684,RM1632,RM6841,RM6948,12,1,,1990
2/7/2017,YL0036-Rmix,PN0023962,17051,RM0684,RM1632,RM6841,RM6948,13,1,,1990
2/24/2017,YL0036-Rmix,PN0025073,17875,RM0684,RM1632,RM6841,RM6948,12,2,,1990
2/24/2017,YL0036-Rmix,PN0025071,17873,RM0684,RM1632,RM6841,RM6948,13,1,,1990
2/24/2017,YL0036-Rmix,PN0025072,17874,RM0684,RM1632,RM6841,RM6948,12,1,,1990
3/24/2017,YL0036-Rmix,PN0026937,19255,RM0684,RM1632,RM6841,RM6948,11,,,1970
3/24/2017,YL0036-Rmix,PN0026936,19254,RM0684,RM1632,RM6841,RM6948,12,1,,1970
3/24/2017,YL0036-Rmix,PN0026934,19252,RM0684,RM1632,RM6841,RM6948,13,1,,1970
3/24/2017,YL0036-Rmix,PN0026935,19253,RM0684,RM1632,RM6841,RM6948,12,2,,1970
5/2/2017,YL0036-Rmix,PN0029540,21162,RM0684,RM1632,RM6841,RM6948,13,,,1980
5/2/2017,YL0036-Rmix,PN0029541,21163,RM0684,RM1632,RM6841,RM6948,11,,,1980
5/2/2017,YL0036-Rmix,PN0029539,21161,RM0684,RM1632,RM6841,RM6948,12,,,1980
5/2/2017,YL0036-Rmix,PN0029542,21164,RM0684,RM1632,RM6841,RM6948,13,2,,1980
6/14/2017,YL0036-Rmix,PN0032375,23218,RM0684,RM1632,RM6841,RM6948,11,,,1980
6/14/2017,YL0036-Rmix,PN0032374,23217,RM0684,RM1632,RM6841,RM6948,12,,,1980
6/19/2017,YL0036-Rmix,PN0032714,23492,RM0684,RM1632,RM6841,RM6948,11,,,1980
6/23/2017,YL0036-Rmix,PN0033062,23754,RM0684,RM1632,RM6841,RM6948,12,,,1980
6/19/2017,YL0036-Rmix,PN0032715,23493,RM0684,RM1632,RM6841,RM6948,13,,,1980
6/23/2017,YL0036-Rmix,PN0033063,23755,RM0684,RM1632,RM6841,RM6948,11,,,1980
7/13/2017,YL0036-Rmix,PN0034331,24646,RM0684,RM1632,RM6841,RM6948,11,,,2000
7/13/2017,YL0036-Rmix,PN0034332,24647,RM0684,RM1632,RM6841,RM6948,11,,,2000
7/13/2017,YL0036-Rmix,PN0034333,24648,RM0684,RM1632,RM6841,RM6948,12,,,2000
7/13/2017,YL0036-Rmix,PN0034334,24649,RM0684,RM1632,RM6841,RM6948,13,,,1990
7/20/2017,YL0036-Rmix,PN0034749,24932,RM0684,RM1632,RM6841,RM6948,11,,,1990
7/20/2017,YL0036-Rmix,PN0034750,24933,RM0684,RM1632,RM6841,RM6948,11,,,1990
7/21/2017,YL0036-Rmix,PN0034872,25044,RM0684,RM1632,RM6841,RM6948,12,,,2050
7/21/2017,YL0036-Rmix,PN0034869,25041,RM0684,RM1632,RM6841,RM6948,12,,,2050
7/21/2017,YL0036-Rmix,PN0034870,25042,RM0684,RM1632,RM6841,RM6948,13,,,2050
7/21/2017,YL0036-Rmix,PN0034871,25043,RM0684,RM1632,RM6841,RM6948,11,,,2050
8/5/2017,YL0036-Rmix,PN0035951,25843,RM0684,RM1632,RM6841,RM6948,12,2,,1990
8/5/2017,YL0036-Rmix,PN0035950,25842,RM0684,RM1632,RM6841,RM6948,11,,,1990
8/15/2017,YL0036-Rmix,PN0036562,26266,RM0684,RM1632,RM6841,RM6948,10,,,1990
8/15/2017,YL0036-Rmix,PN0036563,26267,RM0684,RM1632,RM6841,RM6948,11,,,1990
8/15/2017,YL0036-Rmix,PN0036564,26268,RM0684,RM1632,RM6841,RM6948,12,,,1990
8/15/2017,YL0036-Rmix,PN0036561,26265,RM0684,RM1632,RM6841,RM6948,13,,,1990
8/25/2017,YL0036-Rmix,PN0037245,26784,RM0684,RM1677,RM6841,RM6948,11,,,1990
8/25/2017,YL0036-Rmix,PN0037242,26781,RM0684,RM1677,RM6841,RM6948,12,,,1990
8/25/2017,YL0036-Rmix,PN0037243,26782,RM0684,RM1677,RM6841,RM6948,13,,,1990
8/25/2017,YL0036-Rmix,PN0037244,26783,RM0684,RM1677,RM6841,RM6948,12,,,1990
9/1/2017,YL0036-Rmix,PN0037669,27083,RM0684,RM1632,RM6841,RM6948,13,,,1990
9/1/2017,YL0036-Rmix,PN0037670,27084,RM0684,RM1632,RM6841,RM6948,13,,,1990
9/22/2017,YL0036-Rmix,PN0039006,28050,RM0684,RM1632,RM6841,RM6948,11,,,1990
9/22/2017,YL0036-Rmix,PN0039007,28051,RM0684,RM1632,RM6841,RM6948,13,2,,1990
9/22/2017,YL0036-Rmix,PN0039008,28052,RM0684,RM1632,RM6841,RM6948,13,2,,1990
9/22/2017,YL0036-Rmix,PN0039005,28049,RM0684,RM1632,RM6841,RM6948,11,,,1990
10/20/2017,YL0036-Rmix,PN0040625,29308,RM0684,RM1632,RM6841,RM6948,12,,,1990
10/20/2017,YL0036-Rmix,PN0040626,29309,RM0684,RM1632,RM6841,RM6948,12,,,1990
10/20/2017,YL0036-Rmix,PN0040627,29310,RM0684,RM1632,RM6841,RM6948,11,2,,1990
11/9/2017,YL0036-Rmix,PN0041588,30009,RM0684,RM1632,RM6841,RM6948,13,2,,1990
11/9/2017,YL0036-Rmix,PN0041589,30010,RM0684,RM1632,RM6841,RM6948,11,1,,1990
11/9/2017,YL0036-Rmix,PN0041590,30011,RM0684,RM1632,RM6841,RM6948,12,1,,1990
2/6/2018,YL0036-Rmix,PN0046357,33453,RM0684,RM1632,RM6841,RM6948,11,,,1990
2/6/2018,YL0036-Rmix,PN0046358,33454,RM0684,RM1632,RM6841,RM6948,13,,,1990
2/6/2018,YL0036-Rmix,PN0046359,33455,RM0684,RM1632,RM6841,RM6948,11,,,1990
2/6/2018,YL0036-Rmix,PN0046360,33456,RM0684,RM1632,RM6841,RM6948,12,,,1990
3/28/2018,YL0036-Rmix,PN0049165,35424,RM0684,RM1632,RM6841,RM6948,13,,,1990
3/28/2018,YL0036-Rmix,PN0049166,35425,RM0684,RM1632,RM6841,RM6948,12,,,1990
4/3/2018,YL0036-Rmix,PN0049438,35608,RM0726,RM1632,RM6841,RM6949,12,,,1965
4/27/2018,YL0036-Rmix,PN0050872,36567,RM0726,RM1632,RM6841,RM6948,11,,,1990
4/27/2018,YL0036-Rmix,PN0050873,36568,RM0726,RM1632,RM6841,RM6948,12,,,1990
4/27/2018,YL0036-Rmix,PN0050874,36569,RM0726,RM1632,RM6841,RM6948,13,,,1990
4/30/2018,YL0036-Rmix,PN0050981,36653,RM0726,RM1632,RM6841,RM6949,11,,,1945
5/18/2018,YL0036-Rmix,PN0052178,37508,RM0684,RM1632,RM6841,RM6948,11,,,1950
5/18/2018,YL0036-Rmix,PN0052179,37509,RM0684,RM1632,RM6841,RM6948,12,,,1950
5/18/2018,YL0036-Rmix,PN0052180,37510,RM0684,RM1632,RM6841,RM6948,13,,,1950
5/18/2018,YL0036-Rmix,PN0052181,37511,RM0684,RM1632,RM6841,RM6948,12,,,1925
5/15/2018,YL0036-Rmix,PN0051927,37321,RM0684,RM1632,RM6841,RM6948,11,,,1950
5/15/2018,YL0036-Rmix,PN0051928,37322,RM0684,RM1632,RM6841,RM6948,11,,,1950
5/15/2018,YL0036-Rmix,PN0051929,37323,RM0684,RM1632,RM6841,RM6948,11,,,1950
5/22/2018,YL0036-Rmix,PN0052378,37650,RM0726,RM1632,RM6841,RM6949,12,,,1925
6/1/2018,YL0036-Rmix,PN0053010,38111,RM0726,RM1632,RM6841,RM6948,11,,,1950
6/1/2018,YL0036-Rmix,PN0053011,38112,RM0726,RM1632,RM6841,RM6948,12,,,1950
6/1/2018,YL0036-Rmix,PN0053008,38109,RM0726,RM1632,RM6841,RM6948,11,,,1950
6/1/2018,YL0036-Rmix,PN0053009,38110,RM0726,RM1632,RM6841,RM6948,13,,,1950
6/27/2018,YL0036-Rmix,PN0054517,39169,RM0726,RM1632,RM6841,RM6948,11,,,1950
6/27/2018,YL0036-Rmix,PN0054518,39170,RM0726,RM1632,RM6841,RM6948,11,,,1950
6/27/2018,YL0036-Rmix,PN0054519,39171,RM0726,RM1632,RM6841,RM6948,11,,,1950
6/27/2018,YL0036-Rmix,PN0054520,39172,RM0726,RM1632,RM6841,RM6948,11,,,1950
6/27/2018,YL0036-Rmix,PN0054521,39173,RM0726,RM1632,RM6841,RM6949,11,,,1900
7/2/2018,YL0036-Rmix,PN0054799,39391,RM0726,RM1632,RM6841,RM6948,13,,,1960
7/2/2018,YL0036-Rmix,PN0054800,39392,RM0726,RM1632,RM6841,RM6948,12,,,1960
7/2/2018,YL0036-Rmix,PN0054801,39393,RM0726,RM1632,RM6841,RM6948,12,,,1960
8/15/2018,YL0036-Rmix,PN0057090,41082,RM0726,RM1632,RM6841,RM6948,11,,,1950
8/15/2018,YL0036-Rmix,PN0057091,41083,RM0726,RM1632,RM6841,RM6948,12,,,1950
9/7/2018,YL0036-Rmix,PN0058270,41932,RM0726,RM1632,RM6841,RM6948,11,,,1950
9/7/2018,YL0036-Rmix,PN0058271,41933,RM0726,RM1632,RM6841,RM6948,11,,,1950
9/7/2018,YL0036-Rmix,PN0058276,41936,RM0726,RM1632,RM6841,RM6949,12,,,1925
9/7/2018,YL0036-Rmix,PN0058277,41937,RM0726,RM1632,RM6841,RM6949,12,,,1925
10/2/2018,YL0036-Rmix,PN0059457,42758,RM0726,RM1632,RM6841,RM6948,11,,,1950
10/2/2018,YL0036-Rmix,PN0059458,42759,RM0684,RM1632,RM6841,RM6948,12,,,1950
10/2/2018,YL0036-Rmix,PN0059459,42760,RM0684,RM1632,RM6841,RM6948,11,,,1950
10/24/2018,YL0036-Rmix,PN0060395,43427,RM0741,RM1632,RM6841,RM6948,11,,,1950
10/24/2018,YL0036-Rmix,PN0060396,43428,RM0741,RM1632,RM6841,RM6949,12,,,1925
11/16/2018,YL0036-Rmix,PN0061595,44275,RM0741,RM1632,RM6841,RM6949,11,,,1925
11/16/2018,YL0036-Rmix,PN0061596,44276,RM0741,RM1632,RM6841,RM6949,11,,,1925
11/16/2018,YL0036-Rmix,PN0061597,44277,RM0741,RM1632,RM6841,RM6949,13,,,1925
11/16/2018,YL0036-Rmix,PN0061598,44278,RM0741,RM1632,RM6841,RM6949,12,,,1910
12/28/2018,YL0036-Rmix,PN0063308,45473,RM0741,RM1632,RM6841,RM6949,12,,,1935
12/28/2018,YL0036-Rmix,PN0063309,45474,RM0741,RM1632,RM6841,RM6949,12,,,1935
12/28/2018,YL0036-Rmix,PN0063310,45475,RM0741,RM1632,RM6841,RM6949,13,,,1935
12/28/2018,YL0036-Rmix,PN0063311,45476,RM0741,RM1632,RM6841,RM6949,11,,,1935
1/10/2019,YL0036-Rmix,PN0063835,45927,RM0741,RM1632,RM6841,RM6949,12,,,1950
1/10/2019,YL0036-Rmix,PN0063836,45928,RM0741,RM1632,RM6841,RM6949,13,,,1950
2/8/2019,YL0036-Rmix,PN0065242,46918,RM0684,RM1632,RM6841,RM6949,13,,,1950
2/8/2019,YL0036-Rmix,PN0065243,46919,RM0684,RM1632,RM6841,RM6949,11,,,1950
2/8/2019,YL0036-Rmix,PN0065244,46920,RM0684,RM1632,RM6841,RM6949,12,,,1950
2/8/2019,YL0036-Rmix,PN0065245,46921,RM0684,RM1632,RM6841,RM6949,13,,,1950
2/27/2019,YL0036-Rmix,PN0066195,47568,RM0741,RM1632,RM6841,RM6949,11,,,1935
2/27/2019,YL0036-Rmix,PN0066197,47569,RM0741,RM1632,RM6841,RM6949,12,,,1935
2/27/2019,YL0036-Rmix,PN0066198,47570,RM0741,RM1632,RM6841,RM6949,13,,,1935
2/27/2019,YL0036-Rmix,PN0066199,47571,RM0741,RM1632,RM6841,RM6949,13,,,1935
3/25/2019,YL0036-Rmix,PN0067565,48481,RM0741,RM1632,RM6841,RM6949,11,,,1935
3/25/2019,YL0036-Rmix,PN0067566,48482,RM0741,RM1632,RM6841,RM6949,12,,,1935
3/25/2019,YL0036-Rmix,PN0067567,48483,RM0741,RM1632,RM6841,RM6949,12,,,1935
3/25/2019,YL0036-Rmix,PN0067568,48484,RM0741,RM1632,RM6841,RM6949,13,,,1935
3/29/2019,YL0036-Rmix,PN0067805,48646,RM0741,RM1632,RM6841,RM6949,13,,,1935
3/29/2019,YL0036-Rmix,PN0067806,48647,RM0741,RM1632,RM6841,RM6949,11,,,1935
3/29/2019,YL0036-Rmix,PN0067807,48648,RM0741,RM1632,RM6841,RM6949,12,,,1935
3/29/2019,YL0036-Rmix,PN0067808,48649,RM0741,RM1632,RM6841,RM6949,12,,,1935
4/22/2019,YL0036-Rmix,PN0068943,49447,RM0741,RM1632,RM6841,RM6949,13,,,1920
4/22/2019,YL0036-Rmix,PN0068944,49448,RM0741,RM1632,RM6841,RM6949,13,,,1920
5/1/2019,YL0036-Rmix,PN0069400,49745,RM0684,RM1677,RM6841,RM6949,11,,,1920
5/1/2019,YL0036-Rmix,PN0069401,49746,RM0684,RM1677,RM6841,RM6949,12,,,1920
5/1/2019,YL0036-Rmix,PN0069402,49747,RM0684,RM1677,RM6841,RM6949,13,,,1920
5/1/2019,YL0036-Rmix,PN0069403,49748,RM0684,RM1677,RM6841,RM6949,11,,,1920
5/15/2019,YL0036-Rmix,PN0070204,50299,RM0741,RM1632,RM6841,RM6949,13,,,1920
5/15/2019,YL0036-Rmix,PN0070205,50300,RM0741,RM1632,RM6841,RM6949,12,,,1920
6/28/2019,YL0036-Rmix,PN0072606,52001,RM0741,RM1632,RM6841,RM6949,12,,,1920
6/28/2019,YL0036-Rmix,PN0072607,52002,RM0741,RM1632,RM6841,RM6949,13,,,1920
6/28/2019,YL0036-Rmix,PN0072608,52003,RM0741,RM1632,RM6841,RM6949,12,,,1920
6/28/2019,YL0036-Rmix,PN0072609,52004,RM0741,RM1632,RM6841,RM6949,13,,,1920
8/1/2019,YL0036-Rmix,PN0074229,53180,RM0741,RM1632,RM6841,RM6949,12,2,,1920
8/1/2019,YL0036-Rmix,PN0074230,53181,RM0741,RM1632,RM6841,RM6949,12,1,,1920
8/9/2019,YL0036-Rmix,PN0074679,53465,RM0741,RM1632,RM6841,RM6949,12,2,,1920
8/9/2019,YL0036-Rmix,PN0074680,53466,RM0741,RM1632,RM6841,RM6949,13,2,,1920
9/6/2019,YL0036-Rmix,PN0076218,54586,RM0741,RM1632,RM6841,RM6949,13,2,,1935
9/6/2019,YL0036-Rmix,PN0076219,54587,RM0741,RM1632,RM6841,RM6949,13,1,,1935
9/6/2019,YL0036-Rmix,PN0076220,54588,RM0741,RM1632,RM6841,RM6949,12,2,,1935
9/6/2019,YL0036-Rmix,PN0076221,54589,RM0741,RM1632,RM6841,RM6949,13,2,,1935
9/27/2019,YL0036-Rmix,PN0077391,55390,RM0741,RM1632,RM6841,RM6949,13,2,,1965
9/27/2019,YL0036-Rmix,PN0077392,55391,RM0741,RM1632,RM6841,RM6949,13,1,,1950
9/27/2019,YL0036-Rmix,PN0077393,55392,RM0741,RM1632,RM6841,RM6949,13,2,,1935
9/27/2019,YL0036-Rmix,PN0077394,55393,RM0741,RM1632,RM6841,RM6949,13,1,,1935
10/18/2019,YL0036-Rmix,PN0078511,56162,RM0741,RM1632,RM6841,RM6949,12,2,,1935
10/18/2019,YL0036-Rmix,PN0078512,56163,RM0741,RM1632,RM6841,RM6949,13,1,,1935
10/18/2019,YL0036-Rmix,PN0078513,56164,RM0741,RM1632,RM6841,RM6949,12,3,,1935
11/8/2019,YL0036-Rmix,PN0079718,57010,RM0741,RM1632,RM6841,RM6949,12,1,,1935
11/8/2019,YL0036-Rmix,PN0079719,57011,RM0741,RM1632,RM6841,RM6949,13,2,,1935
11/8/2019,YL0036-Rmix,PN0079720,57012,RM0741,RM1632,RM6841,RM6949,12,2,,1935
11/8/2019,YL0036-Rmix,PN0079721,57013,RM0741,RM1632,RM6841,RM6949,13,1,,1935
11/19/2019,YL0036-Rmix,PN0080310,57422,RM0741,RM1632,RM6841,RM6949,12,1,,1935
11/19/2019,YL0036-Rmix,PN0080311,57423,RM0741,RM1632,RM6841,RM6949,13,2,,1935
11/19/2019,YL0036-Rmix,PN0080312,57424,RM0741,RM1632,RM6841,RM6949,12,2,,1935
11/19/2019,YL0036-Rmix,PN0080313,57425,RM0741,RM1632,RM6841,RM6949,13,1,,1935
12/8/2019,YL0036-Rmix,PN0081246,58110,RM0741,RM1632,RM6841,RM6949,12,2,,1935
12/8/2019,YL0036-Rmix,PN0081247,58111,RM0741,RM1632,RM6841,RM6949,12,1,,1935
12/8/2019,YL0036-Rmix,PN0081248,58112,RM0741,RM1632,RM6841,RM6949,13,2,,1935
12/8/2019,YL0036-Rmix,PN0081249,58113,RM0741,RM1632,RM6841,RM6949,13,1,,1935
1/21/2020,YL0036-Rmix,PN0083703,59869,RM0741,RM1632,RM6841,RM6949,12,2,,1935
1/21/2020,YL0036-Rmix,PN0083704,59870,RM0741,RM1632,RM6841,RM6949,13,1,,1935
1/21/2020,YL0036-Rmix,PN0083705,59871,RM0741,RM1632,RM6841,RM6949,12,1,,1935
1/21/2020,YL0036-Rmix,PN0083706,59872,RM0741,RM1632,RM6841,RM6949,13,2,,1935
1/30/2020,YL0036-Rmix,PN0084340,60353,RM0684,RM1632,RM6841,RM6949,12,2,,1935
1/30/2020,YL0036-Rmix,PN0084341,60354,RM0684,RM1632,RM6841,RM6949,13,2,,1935
1/30/2020,YL0036-Rmix,PN0084342,60355,RM0684,RM1632,RM6841,RM6949,12,1,,1935
1/30/2020,YL0036-Rmix,PN0084343,60356,RM0684,RM1632,RM6841,RM6949,13,1,,1935
2/28/2020,YL0036-Rmix,PN0086179,61709,RM0684,RM1632,RM6841,RM6949,12,2,,1935
2/28/2020,YL0036-Rmix,PN0086180,61710,RM0684,RM1632,RM6841,RM6949,13,1,,1935
2/28/2020,YL0036-Rmix,PN0086181,61711,RM0684,RM1632,RM6841,RM6949,12,1,,1935
3/27/2020,YL0036-Rmix,PN0087860,62859,RM0741,RM1632,RM6750,RM6949,11,2,,1935
3/27/2020,YL0036-Rmix,PN0087861,62860,RM0741,RM1632,RM6750,RM6949,12,1,,1935
3/27/2020,YL0036-Rmix,PN0087862,62861,RM0741,RM1632,RM6750,RM6949,13,2,,1935
3/30/2020,YL0036-Rmix,PN0087972,62934,RM0741,RM1632,RM6750,RM6949,11,1,,1935
3/30/2020,YL0036-Rmix,PN0087973,62935,RM0741,RM1632,RM6750,RM6949,12,2,,1935
3/30/2020,YL0036-Rmix,PN0087974,62936,RM0741,RM1632,RM6750,RM6949,13,1,,1935
3/30/2020,YL0036-Rmix,PN0087975,62937,RM0741,RM1632,RM6750,RM6949,11,2,,1935
4/9/2020,YL0036-Rmix,PN0088589,63378,RM0741,RM1632,RM6841,RM6949,12,2,,1950
4/9/2020,YL0036-Rmix,PN0088590,63379,RM0741,RM1632,RM6841,RM6949,13,1,,1950
4/9/2020,YL0036-Rmix,PN0088591,63380,RM0741,RM1632,RM6841,RM6949,12,2,,1935
4/9/2020,YL0036-Rmix,PN0088592,63381,RM0741,RM1632,RM6841,RM6949,13,2,,1935
4/9/2020,YL0036-Rmix,PN0088593,63382,RM0741,RM1632,RM6841,RM6949,11,2,,1935
5/6/2020,YL0036-Rmix,PN0089901,64296,RM0741,RM1632,RM6841,RM6949,12,2,,1935
5/6/2020,YL0036-Rmix,PN0089902,64297,RM0741,RM1632,RM6841,RM6949,13,1,,1935
5/6/2020,YL0036-Rmix,PN0089903,64298,RM0741,RM1632,RM6841,RM6949,12,1,,1935
5/6/2020,YL0036-Rmix,PN0089904,64299,RM0741,RM1632,RM6841,RM6949,13,2,,1935
5/13/2020,YL0036-Rmix,PN0090300,64593,RM0741,RM1632,RM6841,RM6949,13,2,,1935
5/13/2020,YL0036-Rmix,PN0090301,64594,RM0741,RM1632,RM6841,RM6949,13,2,,1940
5/15/2020,YL0036-Rmix,PN0090393,64669,RM0741,RM1632,RM6841,RM6949,11,2,,1940
5/28/2020,YL0036-Rmix,PN0090922,65081,RM0741,RM1632,RM6841,RM6949,13,2,,1945
5/28/2020,YL0036-Rmix,PN0090923,65082,RM0741,RM1632,RM6841,RM6949,12,1,,1935
8/12/2020,YL0036-Rmix,PN0094106,67317,RM0741,RM1632,RM6841,RM6949,11,2,,1935
8/12/2020,YL0036-Rmix,PN0094107,67318,RM0741,RM1632,RM6841,RM6949,12,2,,1935
8/12/2020,YL0036-Rmix,PN0094108,67319,RM0741,RM1632,RM6841,RM6949,12,1,,1935
8/12/2020,YL0036-Rmix,PN0094109,67320,RM0741,RM1632,RM6841,RM6949,13,2,,1935
8/27/2020,YL0036-Rmix,PN0094817,67824,RM0741,RM1632,RM6841,RM6949,12,2,,1935
8/27/2020,YL0036-Rmix,PN0094818,67825,RM0741,RM1632,RM6841,RM6949,13,2,,1935
8/27/2020,YL0036-Rmix,PN0094819,67826,RM0741,RM1632,RM6841,RM6949,12,1,,1935
8/27/2020,YL0036-Rmix,PN0094820,67827,RM0741,RM1632,RM6841,RM6949,13,1,,1935
9/4/2020,YL0036-Rmix,PN0095229,68096,RM0741,RM1632,RM6841,RM6949,11,2,,1935
9/4/2020,YL0036-Rmix,PN0095230,68097,RM0741,RM1632,RM6841,RM6949,13,1,,1935
9/4/2020,YL0036-Rmix,PN0095231,68098,RM0741,RM1632,RM6841,RM6949,12,1,,1935
9/23/2020,YL0036-Rmix,PN0096155,68731,RM0741,RM1632,RM6841,RM6949,11,2,,1935
9/23/2020,YL0036-Rmix,PN0096156,68732,RM0741,RM1632,RM6841,RM6949,13,2,,1935
9/23/2020,YL0036-Rmix,PN0096157,68733,RM0741,RM1632,RM6841,RM6949,12,1,,1935
9/23/2020,YL0036-Rmix,PN0096158,68734,RM0741,RM1632,RM6841,RM6949,13,1,,1935
,YL0036-Rmix,1105839,3647,RM0741,RM1632,RM6841,RM6949,12,,,1935
,YL0036-Rmix,1105840,3648,RM0741,RM1632,RM6841,RM6949,13,,,1935
,YL0036-Rmix,1105842,3649,RM0741,RM1632,RM6841,RM6949,12,,,1935
,YL0036-Rmix,1105847,3653,RM0741,RM1632,RM6841,RM6949,13,,,1935
,YL0036-Rmix,1106213,3971,RM0741,RM1632,RM6841,RM6948,12,,,1935
,YL0036-Rmix,1106224,3982,RM0741,RM1632,RM6841,RM6948,13,,,1935
,YL0036-Rmix,1106225,3983,RM0741,RM1632,RM6841,RM6948,12,,,1925
,YL0036-Rmix,1106226,3984,RM0741,RM1632,RM6841,RM6948,13,,,1920
,YL0036-Rmix,1106796,4557,RM0726,RM1632,RM6841,RM6949,12,,,1925
,YL0036-Rmix,1106797,4559,RM0726,RM1632,RM6841,RM6949,13,,,1925
,YL0036-Rmix,1107148,4868,RM0726,RM1632,RM6841,RM6949,12,,,1935
,YL0036-Rmix,1107149,4869,RM0726,RM1632,RM6841,RM6949,13,,,1935
,YL0036-Rmix,1107150,4870,RM0726,RM1632,RM6841,RM6949,12,,,1925
,YL0036-Rmix,1107151,4871,RM0726,RM1632,RM6841,RM6949,13,,,1925
,YL0036-Rmix,1108076,5825,RM0726,RM1632,RM6841,RM6949,12,,,1925
,YL0036-Rmix,1108077,5826,RM0726,RM1632,RM6841,RM6949,13,,,1925
,YL0036-Rmix,1108079,5828,RM0726,RM1632,RM6828,RM6949,12,,,1925
,YL0036-Rmix,1108081,5832,RM0726,RM1632,RM6828,RM6949,13,,,1925
,YL0036-Rmix,1108763,6536,RM0726,RM1632,RM6841,RM6949,12,,,1935
,YL0036-Rmix,1108764,6537,RM0726,RM1632,RM6841,RM6949,13,,,1935
,YL0036-Rmix,1108765,6538,RM0726,RM1632,RM6841,RM6949,12,,,1935
,YL0036-Rmix,1108766,6539,RM0726,RM1632,RM6841,RM6949,13,,,1935
,YL0036-Rmix,1109447,7082,RM0726,RM1632,RM6841,RM6949,12,,,1945
,YL0036-Rmix,1109448,7083,RM0726,RM1632,RM6841,RM6949,13,,,1945
,YL0036-Rmix,1109449,7084,RM0726,RM1632,RM6841,RM6949,12,,,1950
,YL0036-Rmix,1109450,7085,RM0726,RM1632,RM6841,RM6949,13,,,1950
,YL0036-Rmix,1109871,7456,RM0726,RM1632,RM6841,RM6948,12,,,1935
,YL0036-Rmix,1109872,7459,RM0726,RM1632,RM6841,RM6948,13,,,1935
,YL0036-Rmix,1109873,7460,RM0726,RM1632,RM6841,RM6948,12,,,1935
,YL0036-Rmix,1109874,7461,RM0726,RM1632,RM6841,RM6948,13,,,1935
,YL0036-Rmix,1110582,8199,RM0684,RM1632,RM6841,RM6949,12,,,1945
,YL0036-Rmix,1110583,8201,RM0684,RM1632,RM6841,RM6949,13,,,1945
,YL0036-Rmix,1110584,8202,RM0684,RM1632,RM6841,RM6949,12,,,1945
,YL0036-Rmix,1110585,8203,RM0684,RM1632,RM6841,RM6949,13,,,1945
,YL0036-Rmix,1110586,8204,RM0684,RM1632,RM6841,RM6949,12,,,1945
,YL0036-Rmix,1110587,8205,RM0684,RM1632,RM6841,RM6949,13,,,1945
,YL0036-Rmix,1110588,8206,RM0684,RM1632,RM6841,RM6949,12,,,1945
,YL0036-Rmix,1110589,8207,RM0684,RM1632,RM6841,RM6949,13,,,1945
,YL0036-Rmix,1110787,8426,RM0684,RM1632,RM6841,RM6949,12,,,1945
,YL0036-Rmix,1110788,8428,RM0684,RM1632,RM6841,RM6949,13,,,1945
,YL0036-Rmix,1110789,8429,RM0684,RM1632,RM6841,RM6949,12,,,1945
,YL0036-Rmix,1110790,8430,RM0684,RM1632,RM6841,RM6949,13,,,1945
,YL0036-Rmix,1110919,8539,RM0684,RM1632,RM6841,RM6949,12,,,1945
,YL0036-Rmix,1110920,8540,RM0684,RM1632,RM6841,RM6949,13,,,1945
,YL0036-Rmix,1111353,8992,RM0726,RM1632,RM6828,RM6949,12,,,1935
,YL0036-Rmix,1111354,8993,RM0726,RM1632,RM6828,RM6949,13,,,1935
,YL0036-Rmix,1111355,8994,RM0726,RM1632,RM6828,RM6949,12,,,1935
,YL0036-Rmix,1111356,8995,RM0726,RM1632,RM6828,RM6949,13,,,1935
,YL0036-Rmix,1111357,8996,RM0726,RM1632,RM6828,RM6949,12,,,1925
,YL0036-Rmix,1111358,8997,RM0726,RM1632,RM6828,RM6949,13,,,1925
,YL0036-Rmix,1111859,9463,RM0726,RM1632,RM6841,RM6949,12,,,1935
,YL0036-Rmix,1111860,9464,RM0726,RM1632,RM6841,RM6949,13,,,1925
,YL0036-Rmix,1111861,9465,RM0726,RM1632,RM6841,RM6949,12,,,1925
,YL0036-Rmix,1111862,9466,RM0726,RM1632,RM6841,RM6949,13,,,1925
,YL0036-Rmix,1111863,9467,RM0726,RM1632,RM6841,RM6949,12,,,1920
,YL0036-Rmix,1111865,9468,RM0726,RM1632,RM6841,RM6949,13,,,1920
,YL0036-Rmix,1112240,9852,RM0726,RM1632,RM6841,RM6949,12,,,1925
,YL0036-Rmix,1112241,9853,RM0726,RM1632,RM6828,RM6949,13,,,1925
,YL0036-Rmix,1112848,10341,RM0741,RM1632,RM6841,RM6949,12,,,1935
,YL0036-Rmix,1112849,10342,RM0741,RM1632,RM6841,RM6949,13,,,1935
,YL0036-Rmix,1112850,10343,RM0741,RM1632,RM6841,RM6949,12,,,1935
,YL0036-Rmix,1112851,10345,RM0741,RM1632,RM6841,RM6949,13,,,1935
,YL0036-Rmix,1114025,11531,RM0741,RM1632,RM6841,RM6949,12,,,1935
,YL0036-Rmix,1114026,11532,RM0741,RM1632,RM6841,RM6949,12,,,1935
,YL0036-Rmix,1114027,11533,RM0741,RM1632,RM6841,RM6949,13,,,1935
,YL0036-Rmix,1114028,11534,RM0741,RM1632,RM6841,RM6949,13,,,1935
,YL0036-Rmix,1115371,12863,RM0726,RM1632,RM6841,RM6949,12,,,1925
,YL0036-Rmix,1115372,12864,RM0726,RM1632,RM6841,RM6949,13,,,1925
,YL0036-Rmix,1115373,12865,RM0726,RM1632,RM6841,RM6949,12,,,1925
,YL0036-Rmix,1115374,12866,RM0726,RM1632,RM6841,RM6949,13,,,1925
,YL0036-Rmix,1116139,13593,RM0684,RM1632,RM6841,RM6949,12,,,1935
,YL0036-Rmix,1116140,13594,RM0684,RM1632,RM6841,RM6949,13,,,1935
,YL0036-Rmix,1116141,13595,RM0684,RM1632,RM6841,RM6949,12,,,1935
,YL0036-Rmix,1116142,13596,RM0684,RM1632,RM6841,RM6949,13,,,1925
,YL0036-Rmix,1117122,14338,RM0684,RM1632,RM6841,RM6949,12,,,1925
,YL0036-Rmix,1117123,14339,RM0684,RM1632,RM6841,RM6949,13,,,1925
,YL0036-Rmix,1117124,14340,RM0684,RM1632,RM6841,RM6949,12,,,1925
,YL0036-Rmix,1117125,14341,RM0684,RM1632,RM6841,RM6949,13,,,1925
,YL0036-Rmix,1117630,15238,RM0648,RM1632,RM6841,RM6949,12,,,1925
,YL0036-Rmix,1117631,15239,RM0648,RM1632,RM6841,RM6949,13,,,1925
,YL0036-Rmix,1117632,15240,RM0648,RM1632,RM6841,RM6949,12,,,1925
,YL0036-Rmix,1117633,15241,RM0648,RM1632,RM6841,RM6949,13,,,1925
,YL0036-Rmix,1118219,15717,RM0684,RM1632,RM6841,RM6949,12,,,1925
,YL0036-Rmix,1118221,15718,RM0684,RM1632,RM6841,RM6949,13,,,1925
,YL0036-Rmix,1118222,15719,RM0684,RM1632,RM6841,RM6949,12,,,1925
,YL0036-Rmix,1118235,15720,RM0684,RM1632,RM6841,RM6949,13,,,1925
,YL0036-Rmix,1118835,16196,RM0684,RM1632,RM6841,RM6949,12,,,1925
,YL0036-Rmix,1118836,16197,RM0684,RM1632,RM6841,RM6949,13,,,1925
,YL0036-Rmix,1118837,16198,RM0684,RM1632,RM6841,RM6949,12,,,1925
,YL0036-Rmix,1118838,16199,RM0684,RM1632,RM6841,RM6949,13,,,1925
,YL0036-Rmix,1120664,17895,RM0684,RM1632,RM6841,RM6949,12,,,1935
,YL0036-Rmix,1120665,17896,RM0684,RM1632,RM6841,RM6949,13,,,1935
,YL0036-Rmix,1120666,17897,RM0684,RM1632,RM6841,RM6949,12,,,1935
,YL0036-Rmix,1120667,17898,RM0684,RM1632,RM6841,RM6949,13,,,1935
,YL0036-Rmix,1120668,17899,RM0684,RM1632,RM6841,RM6949,12,,,1935
,YL0036-Rmix,1120669,17900,RM0684,RM1632,RM6841,RM6949,13,,,1935
,YL0036-Rmix,1121674,19079,RM0741,RM1632,RM6841,RM6949,13,,,1925
,YL0036-Rmix,1121898,19369,RM0741,RM1632,RM6750,RM6949,12,,,1935
,YL0036-Rmix,1121899,19370,RM0741,RM1632,RM6750,RM6949,13,,,1935
,YL0036-Rmix,1123545,20880,RM0726,RM1632,RM6841,RM6949,12,,,1935
,YL0036-Rmix,1123546,20881,RM0726,RM1632,RM6841,RM6949,13,,,1935
,YL0036-Rmix,1123547,20882,RM0726,RM1632,RM6841,RM6949,12,,,1935
,YL0036-Rmix,1123548,20889,RM0726,RM1632,RM6841,RM6949,13,,,1935
,YL0036-Rmix,1124546,21818,RM0726,RM1632,RM6841,RM6949,13,,,1935
,YL0036-Rmix,1124552,21821,RM0726,RM1632,RM6841,RM6949,13,,,1935
,YL0036-Rmix,1129931,29176,RM0718,RM1632,RM6828,RM6949,12,,,1935
,YL0036-Rmix,1129932,27409,RM0741,RM1677,RM6828,RM6949,13,,,1935
,YL0036-Rmix,1129933,27411,RM0741,RM1632,RM6828,RM6949,13,,,1935
,YL0036-Rmix,1129934,27412,RM0741,RM1632,RM6828,RM6949,13,,,1935
,YL0036-Rmix,1131466,29177,RM0741,RM1632,RM6828,RM6949,13,,,1935
,YL0036-Rmix,1131467,29179,RM0741,RM1632,RM6828,RM6949,12,,,1935
,YL0036-Rmix,1131468,29180,RM0741,RM1632,RM6828,RM6949,13,,,1935
,YL0036-Rmix,1132344,30083,RM0741,RM1632,RM6828,RM6949,12,,,1935
,YL0036-Rmix,1132345,30086,RM0741,RM1632,RM6828,RM6949,12,,,1935
,YL0036-Rmix,1132346,30087,RM0741,RM1632,RM6828,RM6949,12,,,1935
,YL0036-Rmix,1132347,30088,RM0741,RM1632,RM6828,RM6949,13,,,1935
,YL0036-Rmix,1132559,30382,RM0741,RM1632,RM6828,RM6949,,,,
,YL0036-Rmix,1133834,31690,RM0684,RM1632,RM6828,RM6949,12,,,1935
,YL0036-Rmix,1133835,31691,RM0684,RM1632,RM6828,RM6949,13,,,1935
,YL0036-Rmix,1133945,31853,RM0741,RM1632,RM6828,RM6949,12,,,1935
,YL0036-Rmix,1133946,31854,RM0741,RM1632,RM6828,RM6949,13,,,1935
,YL0036-Rmix,1133947,31856,RM0741,RM1632,RM6828,RM6949,12,,,1935
,YL0036-Rmix,1135736,33667,RM0684,RM1682,RM6828,RM6949,13,,,1935
,YL0036-Rmix,1135737,33668,RM0684,RM1682,RM6828,RM6949,12,,,1935
,YL0036-Rmix,1135738,33669,RM0684,RM1682,RM6828,RM6949,13,,,1935
,YL0036-Rmix,1135739,33670,RM0684,RM1682,RM6828,RM6949,13,,,1935
,YL0036-Rmix,1136453,34555,RM0741,RM1682,RM6750,RM6949,13,,,1905
,YL0036-Rmix,1136454,34556,RM0741,RM1682,RM6750,RM6949,13,,,1905
,YL0036-Rmix,1136455,34557,RM0741,RM1682,RM6750,RM6949,13,,,1905
,YL0036-Rmix,1137074,35155,RM0741,RM1682,RM6828,RM6949,12,,,1920
,YL0036-Rmix,1137075,35156,RM0741,RM1682,RM6828,RM6949,12,,,1905
,YL0036-Rmix,1137076,35157,RM0741,RM1682,RM6828,RM6949,12,,,1920
,YL0036-Rmix,1138324,36367,RM0741,RM1682,RM6828,RM6949,12,,,1920
,YL0036-Rmix,1138325,36368,RM0741,RM1682,RM6828,RM6949,13,,,1920
,YL0036-Rmix,1138326,36369,RM0741,RM1682,RM6828,RM6949,12,,,1905
,YL0036-Rmix,1138327,36370,RM0741,RM1682,RM6828,RM6949,12,,,1920
,YL0036-Rmix,1138328,36371,RM0741,RM1682,RM6828,RM6949,13,,,1910
,YL0036-Rmix,1138329,36372,RM0741,RM1682,RM6828,RM6949,12,,,1905
,YL0036-Rmix,1140668,38614,RM0741,RM1682,RM6828,RM6949,12,,,1875
,YL0036-Rmix,1140669,38615,RM0741,RM1682,RM6828,RM6949,12,,,1875
,YL0036-Rmix,1140670,38616,RM0741,RM1682,RM6828,RM6949,12,,,1875
,YL0036-Rmix,1140671,38617,RM0741,RM1682,RM6828,RM6949,13,,,1900
,YL0036-Rmix,1140672,38618,RM0741,RM1682,RM6828,RM6949,13,,,1890
,YL0036-Rmix,1140673,38619,RM0741,RM1682,RM6828,RM6949,13,,,1890
,YL0036-Rmix,1141008,38973,RM0741,RM1682,RM6828,RM6949,13,,,1890
,YL0036-Rmix,1141009,38974,RM0741,RM1682,RM6828,RM6949,12,,,1890
,YL0036-Rmix,1141010,38975,RM0741,RM1682,RM6828,RM6949,13,,,1900
,YL0036-Rmix,1141013,38976,RM0741,RM1682,RM6828,RM6949,13,,,1900
,YL0036-Rmix,1141647,39432,RM0726,RM1682,RM6828,RM6949,13,,,1890
,YL0036-Rmix,1141648,39433,RM0726,RM1682,RM6828,RM6949,13,,,1890
,YL0036-Rmix,1141649,39434,RM0726,RM1682,RM6828,RM6949,13,,,1900
,YL0036-Rmix,1141650,39435,RM0726,RM1682,RM6828,RM6949,13,,,1900
,YL0036-Rmix,1141721,39513,RM0726,RM1682,RM6828,RM6949,13,,,1900
,YL0036-Rmix,1141815,39628,RM0726,RM1682,RM6828,RM6949,13,,,1900
,YL0036-Rmix,1141816,39629,RM0726,RM1682,RM6828,RM6949,13,,,1900
,YL0036-Rmix,1143702,41322,RM0726,RM1682,RM6750,RM6949,13,,,1900
,YL0036-Rmix,1143703,41323,RM0726,RM1682,RM6750,RM6949,10,,,1900
,YL0036-Rmix,1143704,41324,RM0726,RM1682,RM6750,RM6949,13,,,1900
,YL0036-Rmix,1143974,41556,RM0726,RM1677,RM6750,RM6949,13,,,1900
,YL0036-Rmix,1143975,41557,RM0726,RM1677,RM6750,RM6949,13,,,1900
,YL0036-Rmix,1143976,41558,RM0726,RM1677,RM6750,RM6949,10,,,1900
,YL0036-Rmix,1143977,41559,RM0726,RM1677,RM6750,RM6949,13,,,1900
,YL0036-Rmix,1143978,41560,RM0726,RM1677,RM6750,RM6949,13,,,1900
,YL0036-Rmix,1143979,41561,RM0726,RM1677,RM6750,RM6949,10,,,1900
,YL0036-Rmix,1146253,43677,RM0741,RM1677,RM6828,RM6949,13,,,1935
,YL0036-Rmix,1146254,43678,RM0741,RM1677,RM6828,RM6949,13,,,1935
,YL0036-Rmix,1146255,43679,RM0741,RM1677,RM6828,RM6949,13,,,1935
,YL0036-Rmix,1146256,43680,RM0741,RM1677,RM6828,RM6949,13,,,1935
,YL0036-Rmix,1146814,44261,RM0726,RM1677,RM6828,RM6949,13,,,1935
,YL0036-Rmix,1146815,44263,RM0726,RM1677,RM6828,RM6949,13,,,1935
,YL0036-Rmix,1146816,44265,RM0726,RM1677,RM6828,RM6949,13,,,1935
,YL0036-Rmix,1146817,44266,RM0726,RM1677,RM6828,RM6949,13,,,1935
,YL0036-Rmix,4001065,27415,RM0741,RM1632,RM6828,RM6769,13,,,1935
,YL0036-Rmix,4001391,33671,RM0684,RM1682,RM6831,RM6949,13,,,1935
